Workbook

Sheet Léeme
A1: Evaluación QSOS 2.0 de los formatos de tabla
A2: Trabajo final de grado, Ingeniería en Informática, FP-UNA. Corresponde a la sección 5.3 y al apéndice A.1 del libro.
A4: Hoja | B4: Contenido
A5: Pesos | B5: Pesos de QSOS 2.0 según el nivel de importancia (sección 9.2.2 del método).
A6: 2.0 Madurez | B6: Los 16 criterios de madurez con su regla oficial, los puntajes y la relevancia.
A7: 2.0 Funcional | B7: Los 8 criterios de cobertura funcional (F1 a F8) con su regla, el requisito del caso al que responden, los puntajes y el nivel de requerimiento.
A8: 2.0 Selección | B8: Totales por eje, puntaje ponderado, modo estricto y análisis de sensibilidad, calculados con fórmulas.
A10: Cómo editar | B10: Las celdas con texto azul son entradas: puntajes (0, 1 o 2), relevancia, nivel de requerimiento y pesos de los escenarios. El resto se recalcula.
A11: Fuentes | B11: Método: Semeteys et al., QSOS 2.0 (2013), apéndice A. Evidencia de los puntajes: repositorios de cada proyecto, registros de la Apache Software Foundation, carta constitutiva de Delta Lake, NVD y OSV, y documentación oficial, consultados en octubre de 2026.
A13: Colores de origen | B13: La fila 3 de cada hoja indica de dónde sale cada columna; el cuerpo lleva el mismo color.
A14: QSOS 2.0 (método) | B14: Lo fija el documento oficial del método: criterios de madurez, reglas, niveles y pesos, modos de selección.
A15: Autor (decisión propia) | B15: Decisión del evaluador: criterios F1 a F8 y sus reglas, interpretación de reglas, puntajes asignados, relevancia y pesos elegidos.
A16: Requisitos del caso | B16: Necesidad del portal Control Ciudadano (requisitos R1 a R6, sección 5.3.1).
A17: Evidencia externa | B17: Dato verificable en fuentes primarias.
A18: Cálculo (fórmula) | B18: Se recalcula solo.

Sheet Pesos
A1: Pesos de cada versión
A2: Valores de los documentos oficiales. Las hojas de cálculo los buscan aquí.
A3: QSOS 2.0 (método) | B3: QSOS 2.0 (método) | C3: QSOS 2.0 (método)
A4: Nivel | B4: Peso | C4: Fuente
A5: Crítico | B5: 3 | C5: QSOS 2.0, sección 9.2.2
A6: Relevante | B6: 1 | C6: QSOS 2.0, sección 9.2.2
A7: No relevante | B7: 0 | C7: QSOS 2.0, sección 9.2.2
A8: Requerida | B8: 3 | C8: QSOS 2.0, sección 9.2.2
A9: Opcional | B9: 1 | C9: QSOS 2.0, sección 9.2.2
A10: No requerida | B10: 0 | C10: QSOS 2.0, sección 9.2.2

Sheet 2.0 Madurez
A1: QSOS 2.0: eje de madurez (16 criterios obligatorios)
A2: Reglas: apéndice A de QSOS 2.0 (traducción del libro, tabla A.1). Puntajes: libro, tabla de madurez de la sección 5.3.2. Relevancia editable; por defecto "Crítico" en todos (pesos iguales).
A3: QSOS 2.0 (método) | B3: QSOS 2.0 (método) | C3: QSOS 2.0 (método) | D3: QSOS 2.0 (método) | E3: QSOS 2.0 (método) | F3: Autor (decisión propia) | G3: Autor (decisión propia) | H3: Autor (decisión propia) | I3: Autor (decisión propia) | J3: Autor (decisión propia) | K3: Cálculo (fórmula) | L3: Cálculo (fórmula) | M3: Cálculo (fórmula) | N3: Cálculo (fórmula) | O3: Cálculo (fórmula) | P3: Evidencia externa
A4: Grupo | B4: Criterio | C4: 0 | D4: 1 | E4: 2 | F4: Hudi | G4: Iceberg | H4: Delta | I4: Paimon | J4: Relevancia | K4: Peso | L4: Hudi pond. | M4: Iceberg pond. | N4: Delta pond. | O4: Paimon pond. | P4: Interpretación o evidencia (libro)
A5: Legado | B5: Antigüedad | C5: Menos de tres meses | D5: Entre tres meses y tres años | E5: Más de tres años | F5: 2 | G5: 2 | H5: 2 | I5: 2 | J5: Crítico | K5: =IFERROR(VLOOKUP(J5,Pesos!$A$5:$B$10,2,FALSE),0) -> 3 | L5: =F5*$K5 -> 6 | M5: =G5*$K5 -> 6 | N5: =H5*$K5 -> 6 | O5: =I5*$K5 -> 6 | P5: Las cuatro tienen más de tres años.
A6: Legado | B6: Historia | C6: Problemas que pueden ser prohibitivos | D6: Sin crisis mayores, o historia desconocida | E6: Buena experiencia en gestión de crisis | F6: 1 | G6: 1 | H6: 1 | I6: 1 | J6: Crítico | K6: =IFERROR(VLOOKUP(J6,Pesos!$A$5:$B$10,2,FALSE),0) -> 3 | L6: =F6*$K6 -> 3 | M6: =G6*$K6 -> 3 | N6: =H6*$K6 -> 3 | O6: =I6*$K6 -> 3 | P6: Ninguna registra crisis mayores ni su gestión.
A7: Legado | B7: Equipo central | C7: Muy pocos desarrolladores identificados | D7: Pocos desarrolladores activos | E7: Equipo importante e identificado | F7: 2 | G7: 2 | H7: 2 | I7: 2 | J7: Crítico | K7: =IFERROR(VLOOKUP(J7,Pesos!$A$5:$B$10,2,FALSE),0) -> 3 | L7: =F7*$K7 -> 6 | M7: =G7*$K7 -> 6 | N7: =H7*$K7 -> 6 | O7: =I7*$K7 -> 6 | P7: Equipo central identificado en las cuatro.
A8: Legado | B8: Popularidad | C8: Muy pocos usuarios identificados | D8: Uso detectable | E8: Muchos usuarios y referencias conocidos | F8: 2 | G8: 2 | H8: 2 | I8: 2 | J8: Crítico | K8: =IFERROR(VLOOKUP(J8,Pesos!$A$5:$B$10,2,FALSE),0) -> 3 | L8: =F8*$K8 -> 6 | M8: =G8*$K8 -> 6 | N8: =H8*$K8 -> 6 | O8: =I8*$K8 -> 6 | P8: Usuarios conocidos en las cuatro.
A9: Actividad | B9: Comunidad contribuyente | C9: Sin comunidad ni actividad | D9: Comunidad con actividad significativa | E9: Comunidad fuerte, con muchos contribuidores | F9: 2 | G9: 2 | H9: 2 | I9: 2 | J9: Crítico | K9: =IFERROR(VLOOKUP(J9,Pesos!$A$5:$B$10,2,FALSE),0) -> 3 | L9: =F9*$K9 -> 6 | M9: =G9*$K9 -> 6 | N9: =H9*$K9 -> 6 | O9: =I9*$K9 -> 6 | P9: Autores en el último año: Hudi 108, Iceberg 292, Delta 158, Paimon 207.
A10: Actividad | B10: Actividad en errores | C10: Baja reactividad, o sin correcciones en las notas de versión | D10: Actividad sin proceso definido o con tiempos largos | E10: Alta reactividad, con roles y asignación de tareas | F10: 2 | G10: 1 | H10: 1 | I10: 2 | J10: Crítico | K10: =IFERROR(VLOOKUP(J10,Pesos!$A$5:$B$10,2,FALSE),0) -> 3 | L10: =F10*$K10 -> 6 | M10: =G10*$K10 -> 3 | N10: =H10*$K10 -> 3 | O10: =I10*$K10 -> 6 | P10: Hudi y Paimon documentan cómo clasifican y asignan errores; Iceberg y Delta no. Cierre de errores del primer semestre 2026: 67 / 66 / 33 / 62 %.
A11: Actividad | B11: Actividad en funcionalidades | C11: Pocas o ninguna funcionalidad nueva | D11: Evolución sin un proceso declarado | E11: Proceso de pedidos industrializado y hoja de ruta asociada | F11: 2 | G11: 2 | H11: 2 | I11: 1 | J11: Crítico | K11: =IFERROR(VLOOKUP(J11,Pesos!$A$5:$B$10,2,FALSE),0) -> 3 | L11: =F11*$K11 -> 6 | M11: =G11*$K11 -> 6 | N11: =H11*$K11 -> 6 | O11: =I11*$K11 -> 3 | P11: Paimon retiró su hoja de ruta de la documentación vigente.
A12: Actividad | B12: Actividad en versiones | C12: Muy baja actividad en versiones | D12: Versiones correctivas menores frecuentes | E12: Correctivas frecuentes y versiones mayores planificadas con la hoja de ruta | F12: 2 | G12: 1 | H12: 1 | I12: 1 | J12: Crítico | K12: =IFERROR(VLOOKUP(J12,Pesos!$A$5:$B$10,2,FALSE),0) -> 3 | L12: =F12*$K12 -> 6 | M12: =G12*$K12 -> 3 | N12: =H12*$K12 -> 3 | O12: =I12*$K12 -> 3 | P12: Hudi publica un calendario de versiones con fechas, aunque con retrasos.
A13: Gobernanza | B13: Titulares del copyright | C13: Pocos individuos o entidades comerciales | D13: Muchos individuos, de forma uniforme | E13: Una entidad legal o fundación de confianza | F13: 2 | G13: 2 | H13: 1 | I13: 2 | J13: Crítico | K13: =IFERROR(VLOOKUP(J13,Pesos!$A$5:$B$10,2,FALSE),0) -> 3 | L13: =F13*$K13 -> 6 | M13: =G13*$K13 -> 6 | N13: =H13*$K13 -> 3 | O13: =I13*$K13 -> 6 | P13: La carta de Delta deja el copyright en cada contribuyente; a la Linux Foundation pasan solo las marcas.
A14: Gobernanza | B14: Hoja de ruta | C14: No se publica | D14: Publicada, sin planificación | E14: Versionada, con planificación y medición de retrasos | F14: 2 | G14: 1 | H14: 1 | I14: 1 | J14: Crítico | K14: =IFERROR(VLOOKUP(J14,Pesos!$A$5:$B$10,2,FALSE),0) -> 3 | L14: =F14*$K14 -> 6 | M14: =G14*$K14 -> 3 | N14: =H14*$K14 -> 3 | O14: =I14*$K14 -> 3 | P14: Hudi: calendario con fechas.
A15: Gobernanza | B15: Gestión del proyecto | C15: Sin gestión clara | D15: Un individuo o una sola entidad comercial | E15: Equipo independiente y derechos en una entidad reconocida | F15: 2 | G15: 2 | H15: 1 | I15: 2 | J15: Crítico | K15: =IFERROR(VLOOKUP(J15,Pesos!$A$5:$B$10,2,FALSE),0) -> 3 | L15: =F15*$K15 -> 6 | M15: =G15*$K15 -> 6 | N15: =H15*$K15 -> 3 | O15: =I15*$K15 -> 6 | P15: Delta: al menos el 38 % de los commits del último año viene de Databricks.
A16: Gobernanza | B16: Modo de distribución | C16: Versión comercial y versión libre limitada | D16: Partes solo con licencia propietaria | E16: Distribución completamente libre | F16: 2 | G16: 2 | H16: 2 | I16: 2 | J16: Crítico | K16: =IFERROR(VLOOKUP(J16,Pesos!$A$5:$B$10,2,FALSE),0) -> 3 | L16: =F16*$K16 -> 6 | M16: =G16*$K16 -> 6 | N16: =H16*$K16 -> 6 | O16: =I16*$K16 -> 6 | P16: Las cuatro, Apache 2.0.
... A20: Industrialización | B20: Modificación del código | C20: Sin forma práctica de proponer cambios | D20: Herramientas que el equipo central no usa realmente | E20: Proceso de contribución definido, expuesto y respetado, con roles claros | F20: 2 | G20: 2 | H20: 2 | I20: 2 | J20: Crítico | K20: =IFERROR(VLOOKUP(J20,Pesos!$A$5:$B$10,2,FALSE),0) -> 3 | L20: =F20*$K20 -> 6 | M20: =G20*$K20 -> 6 | N20: =H20*$K20 -> 6 | O20: =I20*$K20 -> 6 | P20: Proceso de contribución documentado en las cuatro.
B22: Suma simple (máx. 32) | F22: =SUM(F5:F20) -> 30 | G22: =SUM(G5:G20) -> 27 | H22: =SUM(H5:H20) -> 25 | I22: =SUM(I5:I20) -> 26 | K22: Ponderado → | L22: =SUM(L5:L20) -> 90 | M22: =SUM(M5:M20) -> 81 | N22: =SUM(N5:N20) -> 75 | O22: =SUM(O5:O20) -> 78
B23: Criterios que fallan el modo estricto | F23: =COUNTIFS($J$5:$J$20,"Crítico",F5:F20,"<2")+COUNTIFS($J$5:$J$20,"Relevante",F5:F20,"<1") -> 2 | G23: =COUNTIFS($J$5:$J$20,"Crítico",G5:G20,"<2")+COUNTIFS($J$5:$J$20,"Relevante",G5:G20,"<1") -> 5 | H23: =COUNTIFS($J$5:$J$20,"Crítico",H5:H20,"<2")+COUNTIFS($J$5:$J$20,"Relevante",H5:H20,"<1") -> 7 | I23: =COUNTIFS($J$5:$J$20,"Crítico",I5:I20,"<2")+COUNTIFS($J$5:$J$20,"Relevante",I5:I20,"<1") -> 6 | J23: crítico < 2 o relevante < 1
B24: Subtotal por grupo
B25: Legado | F25: =SUMIF($A$5:$A$20,$B25,F$5:F$20) -> 7 | G25: =SUMIF($A$5:$A$20,$B25,G$5:G$20) -> 7 | H25: =SUMIF($A$5:$A$20,$B25,H$5:H$20) -> 7 | I25: =SUMIF($A$5:$A$20,$B25,I$5:I$20) -> 7
B26: Actividad | F26: =SUMIF($A$5:$A$20,$B26,F$5:F$20) -> 8 | G26: =SUMIF($A$5:$A$20,$B26,G$5:G$20) -> 6 | H26: =SUMIF($A$5:$A$20,$B26,H$5:H$20) -> 6 | I26: =SUMIF($A$5:$A$20,$B26,I$5:I$20) -> 6
B27: Gobernanza | F27: =SUMIF($A$5:$A$20,$B27,F$5:F$20) -> 8 | G27: =SUMIF($A$5:$A$20,$B27,G$5:G$20) -> 7 | H27: =SUMIF($A$5:$A$20,$B27,H$5:H$20) -> 5 | I27: =SUMIF($A$5:$A$20,$B27,I$5:I$20) -> 7
B28: Industrialización | F28: =SUMIF($A$5:$A$20,$B28,F$5:F$20) -> 7 | G28: =SUMIF($A$5:$A$20,$B28,G$5:G$20) -> 7 | H28: =SUMIF($A$5:$A$20,$B28,H$5:H$20) -> 7 | I28: =SUMIF($A$5:$A$20,$B28,I$5:I$20) -> 6

Sheet 2.0 Funcional
A1: QSOS 2.0: eje de cobertura funcional (F1–F8, definido por el evaluador)
A2: La regla oficial de QSOS es 0 no cubierta / 1 parcial / 2 completa; estas reglas la concretan para cada criterio y son propias. Puntajes: libro, tabla funcional de la sección 5.3.2 y tabla A.2. Nivel editable; por defecto "Requerida" en todos.
A3: Autor (decisión propia) | B3: Autor (decisión propia) | C3: Requisitos del caso | D3: Autor (decisión propia) | E3: Autor (decisión propia) | F3: Autor (decisión propia) | G3: Autor (decisión propia) | H3: Autor (decisión propia) | I3: Autor (decisión propia) | J3: Autor (decisión propia) | K3: Autor (decisión propia) | L3: Cálculo (fórmula) | M3: Cálculo (fórmula) | N3: Cálculo (fórmula) | O3: Cálculo (fórmula) | P3: Cálculo (fórmula)
A4: # | B4: Criterio | C4: Requisito del caso (R1–R6, libro 5.3.1) y literatura | D4: 0 | E4: 1 | F4: 2 | G4: Hudi | H4: Iceberg | I4: Delta | J4: Paimon | K4: Nivel | L4: Peso | M4: Hudi pond. | N4: Iceberg pond. | O4: Delta pond. | P4: Paimon pond.
A5: F1 | B5: Especificación abierta y versionada del formato | C5: R3. Otro motor lee y escribe sin depender del código de un proyecto. Literatura: ninguna | D5: Sin especificación | E5: Especificación sin versión del formato ni reglas de compatibilidad | F5: Especificación con versión y reglas de compatibilidad | G5: 2 | H5: 2 | I5: 2 | J5: 1 | K5: Requerida | L5: =IFERROR(VLOOKUP(K5,Pesos!$A$5:$B$10,2,FALSE),0) -> 3 | M5: =G5*$L5 -> 6 | N5: =H5*$L5 -> 6 | O5: =I5*$L5 -> 6 | P5: =J5*$L5 -> 3
A6: F2 | B6: Lectura y escritura desde Spark, Trino, Flink y DuckDB | C6: R3. Trabajar desde varios motores (el portal ya usa PostgreSQL y Elasticsearch). Literatura: Armbrust et al. 2020; Schneider et al. 2024 | D6: Suma menor que 2 | E6: Suma de 2 a 3 | F6: Suma de 3,5 o más (1 por motor que lee y escribe, 0,5 si solo lee) | G6: 1 | H6: 2 | I6: 2 | J6: 1 | K6: Requerida | L6: =IFERROR(VLOOKUP(K6,Pesos!$A$5:$B$10,2,FALSE),0) -> 3 | M6: =G6*$L6 -> 3 | N6: =H6*$L6 -> 6 | O6: =I6*$L6 -> 6 | P6: =J6*$L6 -> 3
A7: F3 | B7: Catálogo abierto y especificado | C7: R3. Cambiar de motor o de catálogo sin migrar. Literatura: ninguna | D7: Sin catálogo | E7: Catálogos genéricos o API propia con poca adopción | F7: API abierta, especificada e implementada por varios proveedores | G7: 1 | H7: 2 | I7: 1 | J7: 1 | K7: Requerida | L7: =IFERROR(VLOOKUP(K7,Pesos!$A$5:$B$10,2,FALSE),0) -> 3 | M7: =G7*$L7 -> 3 | N7: =H7*$L7 -> 6 | O7: =I7*$L7 -> 3 | P7: =J7*$L7 -> 3
A8: F4 | B8: Evolución de particiones sin reescribir datos | C8: R1. Reescribir 138 M de filas es caro. Literatura: Harby y Zulkernine 2025 | D8: Exige reescribir los datos, o no está documentada | E8: Organización redefinible sin reescribir (clustering) | F8: Cambio de partición sin reescribir, con poda sobre datos viejos y nuevos | G8: 0 | H8: 2 | I8: 1 | J8: 0 | K8: Requerida | L8: =IFERROR(VLOOKUP(K8,Pesos!$A$5:$B$10,2,FALSE),0) -> 3 | M8: =G8*$L8 -> 0 | N8: =H8*$L8 -> 6 | O8: =I8*$L8 -> 3 | P8: =J8*$L8 -> 0
A9: F5 | B9: Evolución de esquema completa | C9: R2. Se suman fuentes nuevas. Literatura: Armbrust et al. 2020; Harby y Zulkernine 2025 | D9: Solo agregar columnas | E9: Parte estable y el resto experimental o con reescritura | F9: Agregar, borrar, renombrar, reordenar y ampliar tipos, estable | G9: 1 | H9: 2 | I9: 2 | J9: 2 | K9: Requerida | L9: =IFERROR(VLOOKUP(K9,Pesos!$A$5:$B$10,2,FALSE),0) -> 3 | M9: =G9*$L9 -> 3 | N9: =H9*$L9 -> 6 | O9: =I9*$L9 -> 6 | P9: =J9*$L9 -> 6
A10: F6 | B10: Bibliotecas fuera de la máquina virtual de Java | C10: R4. Un solo servidor, como el portal en producción (servidor privado en la nube). Literatura: ninguna | D10: Solo en la JVM | E10: Fuera de la JVM, solo lectura | F10: Escritura en un lenguaje y lectura en dos fuera de la JVM | G10: 1 | H10: 2 | I10: 2 | J10: 2 | K10: Requerida | L10: =IFERROR(VLOOKUP(K10,Pesos!$A$5:$B$10,2,FALSE),0) -> 3 | M10: =G10*$L10 -> 3 | N10: =H10*$L10 -> 6 | O10: =I10*$L10 -> 6 | P10: =J10*$L10 -> 6
A11: F7 | B11: Actualización por clave | C11: R5. Recargas incrementales (el portal todavía no las hace). Literatura: Jain et al. 2023; Harby y Zulkernine 2025 | D11: Sin actualización por clave | E11: MERGE o modo de actualización sin índice de clave | F11: Clave declarada, con actualización nativa e índice | G11: 2 | H11: 1 | I11: 1 | J11: 2 | K11: Requerida | L11: =IFERROR(VLOOKUP(K11,Pesos!$A$5:$B$10,2,FALSE),0) -> 3 | M11: =G11*$L11 -> 6 | N11: =H11*$L11 -> 3 | O11: =I11*$L11 -> 3 | P11: =J11*$L11 -> 6
A12: F8 | B12: Interoperabilidad entre formatos | C12: R6. No quedar atado a un proveedor ni a un formato. Literatura: ninguna | D12: Ninguna | E12: Solo con una herramienta externa | F12: El proyecto genera los metadatos de otro formato | G12: 1 | H12: 1 | I12: 2 | J12: 2 | K12: Requerida | L12: =IFERROR(VLOOKUP(K12,Pesos!$A$5:$B$10,2,FALSE),0) -> 3 | M12: =G12*$L12 -> 3 | N12: =H12*$L12 -> 3 | O12: =I12*$L12 -> 6 | P12: =J12*$L12 -> 6
B14: Suma simple (máx. 16) | G14: =SUM(G5:G12) -> 9 | H14: =SUM(H5:H12) -> 14 | I14: =SUM(I5:I12) -> 13 | J14: =SUM(J5:J12) -> 11 | L14: Ponderado → | M14: =SUM(M5:M12) -> 27 | N14: =SUM(N5:N12) -> 42 | O14: =SUM(O5:O12) -> 39 | P14: =SUM(P5:P12) -> 33
B15: Funcionalidades requeridas no cubiertas (0) | G15: =COUNTIFS($K$5:$K$12,"Requerida",G5:G12,0) -> 1 | H15: =COUNTIFS($K$5:$K$12,"Requerida",H5:H12,0) -> 0 | I15: =COUNTIFS($K$5:$K$12,"Requerida",I5:I12,0) -> 0 | J15: =COUNTIFS($K$5:$K$12,"Requerida",J5:J12,0) -> 1

Sheet 2.0 Selección
A1: QSOS 2.0: selección y sensibilidad
A2: Todo se calcula desde las hojas "2.0 Madurez" y "2.0 Funcional" (texto verde = vínculo a otra hoja). La sensibilidad usa pesos fijos por bloque, independientes de las columnas editables.
A4: Concepto | B4: Hudi | C4: Iceberg | D4: Delta | E4: Paimon | F4: Primero
A5: Madurez, suma simple (máx. 32) | B5: ='2.0 Madurez'!F22 -> 30 | C5: ='2.0 Madurez'!G22 -> 27 | D5: ='2.0 Madurez'!H22 -> 25 | E5: ='2.0 Madurez'!I22 -> 26 | F5: =INDEX($B$4:$E$4,MATCH(MAX(B5:E5),B5:E5,0)) -> Hudi
A6: Cobertura funcional, suma simple (máx. 16) | B6: ='2.0 Funcional'!G14 -> 9 | C6: ='2.0 Funcional'!H14 -> 14 | D6: ='2.0 Funcional'!I14 -> 13 | E6: ='2.0 Funcional'!J14 -> 11 | F6: =INDEX($B$4:$E$4,MATCH(MAX(B6:E6),B6:E6,0)) -> Iceberg
A7: Madurez ponderada (según relevancia elegida) | B7: ='2.0 Madurez'!L22 -> 90 | C7: ='2.0 Madurez'!M22 -> 81 | D7: ='2.0 Madurez'!N22 -> 75 | E7: ='2.0 Madurez'!O22 -> 78
A8: Funcional ponderada (según nivel elegido) | B8: ='2.0 Funcional'!M14 -> 27 | C8: ='2.0 Funcional'!N14 -> 42 | D8: ='2.0 Funcional'!O14 -> 39 | E8: ='2.0 Funcional'!P14 -> 33
A9: Puntaje ponderado total (modo flexible) | B9: =B7+B8 -> 117 | C9: =C7+C8 -> 123 | D9: =D7+D8 -> 114 | E9: =E7+E8 -> 111 | F9: =INDEX($B$4:$E$4,MATCH(MAX(B9:E9),B9:E9,0)) -> Iceberg
A10: Posición | B10: =RANK(B9,$B$9:$E$9) -> 2 | C10: =RANK(C9,$B$9:$E$9) -> 1 | D10: =RANK(D9,$B$9:$E$9) -> 3 | E10: =RANK(E9,$B$9:$E$9) -> 4
A11: Modo estricto: ¿pasa? | B11: =IF('2.0 Madurez'!F23+'2.0 Funcional'!G15=0,"Pasa","Eliminada") -> Eliminada | C11: =IF('2.0 Madurez'!G23+'2.0 Funcional'!H15=0,"Pasa","Eliminada") -> Eliminada | D11: =IF('2.0 Madurez'!H23+'2.0 Funcional'!I15=0,"Pasa","Eliminada") -> Eliminada | E11: =IF('2.0 Madurez'!I23+'2.0 Funcional'!J15=0,"Pasa","Eliminada") -> Eliminada
A13: Sensibilidad: pesos por bloque | B13: Cálculo (fórmula) | C13: Cálculo (fórmula) | D13: Cálculo (fórmula) | E13: Cálculo (fórmula) | F13: Cálculo (fórmula) | H13: Autor (decisión propia) | I13: Autor (decisión propia) | J13: Autor (decisión propia)
A14: Escenario | B14: Hudi | C14: Iceberg | D14: Delta | E14: Paimon | F14: Primero | H14: Peso madurez | I14: Peso F1–F6 | J14: Peso F7–F8
A15: Pesos iguales (la usada en el libro) | B15: =$H15*'2.0 Madurez'!F22+$I15*SUM('2.0 Funcional'!G5:G10)+$J15*SUM('2.0 Funcional'!G11:G12) -> 117 | C15: =$H15*'2.0 Madurez'!G22+$I15*SUM('2.0 Funcional'!H5:H10)+$J15*SUM('2.0 Funcional'!H11:H12) -> 123 | D15: =$H15*'2.0 Madurez'!H22+$I15*SUM('2.0 Funcional'!I5:I10)+$J15*SUM('2.0 Funcional'!I11:I12) -> 114 | E15: =$H15*'2.0 Madurez'!I22+$I15*SUM('2.0 Funcional'!J5:J10)+$J15*SUM('2.0 Funcional'!J11:J12) -> 111 | F15: =INDEX($B$14:$E$14,MATCH(MAX(B15:E15),B15:E15,0)) -> Iceberg | H15: 3 | I15: 3 | J15: 3
A16: Madurez relevante; funcionalidades requeridas | B16: =$H16*'2.0 Madurez'!F22+$I16*SUM('2.0 Funcional'!G5:G10)+$J16*SUM('2.0 Funcional'!G11:G12) -> 57 | C16: =$H16*'2.0 Madurez'!G22+$I16*SUM('2.0 Funcional'!H5:H10)+$J16*SUM('2.0 Funcional'!H11:H12) -> 69 | D16: =$H16*'2.0 Madurez'!H22+$I16*SUM('2.0 Funcional'!I5:I10)+$J16*SUM('2.0 Funcional'!I11:I12) -> 64 | E16: =$H16*'2.0 Madurez'!I22+$I16*SUM('2.0 Funcional'!J5:J10)+$J16*SUM('2.0 Funcional'!J11:J12) -> 59 | F16: =INDEX($B$14:$E$14,MATCH(MAX(B16:E16),B16:E16,0)) -> Iceberg | H16: 1 | I16: 3 | J16: 3
A17: Madurez crítica; F7 y F8 opcionales | B17: =$H17*'2.0 Madurez'!F22+$I17*SUM('2.0 Funcional'!G5:G10)+$J17*SUM('2.0 Funcional'!G11:G12) -> 111 | C17: =$H17*'2.0 Madurez'!G22+$I17*SUM('2.0 Funcional'!H5:H10)+$J17*SUM('2.0 Funcional'!H11:H12) -> 119 | D17: =$H17*'2.0 Madurez'!H22+$I17*SUM('2.0 Funcional'!I5:I10)+$J17*SUM('2.0 Funcional'!I11:I12) -> 108 | E17: =$H17*'2.0 Madurez'!I22+$I17*SUM('2.0 Funcional'!J5:J10)+$J17*SUM('2.0 Funcional'!J11:J12) -> 103 | F17: =INDEX($B$14:$E$14,MATCH(MAX(B17:E17),B17:E17,0)) -> Iceberg | H17: 3 | I17: 3 | J17: 1
A18: Madurez crítica; todas las funcionalidades opcionales | B18: =$H18*'2.0 Madurez'!F22+$I18*SUM('2.0 Funcional'!G5:G10)+$J18*SUM('2.0 Funcional'!G11:G12) -> 99 | C18: =$H18*'2.0 Madurez'!G22+$I18*SUM('2.0 Funcional'!H5:H10)+$J18*SUM('2.0 Funcional'!H11:H12) -> 95 | D18: =$H18*'2.0 Madurez'!H22+$I18*SUM('2.0 Funcional'!I5:I10)+$J18*SUM('2.0 Funcional'!I11:I12) -> 88 | E18: =$H18*'2.0 Madurez'!I22+$I18*SUM('2.0 Funcional'!J5:J10)+$J18*SUM('2.0 Funcional'!J11:J12) -> 89 | F18: =INDEX($B$14:$E$14,MATCH(MAX(B18:E18),B18:E18,0)) -> Hudi | H18: 3 | I18: 1 | J18: 1
A19: Sin pesos | B19: =$H19*'2.0 Madurez'!F22+$I19*SUM('2.0 Funcional'!G5:G10)+$J19*SUM('2.0 Funcional'!G11:G12) -> 39 | C19: =$H19*'2.0 Madurez'!G22+$I19*SUM('2.0 Funcional'!H5:H10)+$J19*SUM('2.0 Funcional'!H11:H12) -> 41 | D19: =$H19*'2.0 Madurez'!H22+$I19*SUM('2.0 Funcional'!I5:I10)+$J19*SUM('2.0 Funcional'!I11:I12) -> 38 | E19: =$H19*'2.0 Madurez'!I22+$I19*SUM('2.0 Funcional'!J5:J10)+$J19*SUM('2.0 Funcional'!J11:J12) -> 37 | F19: =INDEX($B$14:$E$14,MATCH(MAX(B19:E19),B19:E19,0)) -> Iceberg | H19: 1 | I19: 1 | J19: 1
A21: Pasar F7 y F8 (actualización por clave e interoperabilidad) a opcionales no cambia el orden. El orden se invierte solo si también F1–F6 pasan a opcionales.
